[
    {
        "guild_id": "guild id",
        "user_tag": "user id",
        "location": "location",
        "latitude": "latitude",
        "longitude": "longitude"
    },
    {
        "guild_id": "1018963347154149448",
        "user_tag": "EthanH#6948",
        "location": "Taipei",
        "latitude": 25.0329636,
        "longitude": 121.5654268
    },
    {
        "guild_id": "807460348361703424",
        "user_tag": "EthanH#6948",
        "location": "Paris",
        "latitude": 48.856614,
        "longitude": 2.3522219
    },
    {
        "guild_id": "1018963347154149448",
        "user_tag": "Tasperen#4380",
        "location": "Kelowna",
        "latitude": 49.8879519,
        "longitude": -119.4960106
    }
]