{
    "aimode": true,
    "triggers": {
        "location": [
            "i'm currently at",
            "i live in",
            "i've arrived at",
            "i have arrived at",
            "location",
            "new place",
            "place",
            "city",
            "live",
            "arrived at",
            "moved to"
        ],
        "history": [
            "what was the weather like {x} days ago?",
            "did it rain {x} months ago",
            "how was the weather this time last year",
            "ago",
            "last",
            "history",
            "was the weather"
        ],
        "wear": [
            "should i wear jeans today?",
            "what should i wear today?",
            "any recommendations about what i should wear today?",
            "should i grab a coat?",
            "what should i wear?",
            "wear",
            "clothes",
            "cloth",
            "dress",
            "grab",
            "sweater"
        ],
        "weather": [
            "how is the weather today?",
            "is it chilly today?",
            "what is the weather like?",
            "how cold is it today",
            "weather",
            "chilly",
            "cold",
            "hot",
            "today",
            "warm",
            "rain"
        ],
        "time": [
            "time"
        ]
    },
    "enabled": false
}